{
  "iters": [
    0,
    1,
    2,
    3,
    4,
    5,
    6,
    7,
    8,
    9,
    10,
    11,
    12,
    13,
    14,
    15,
    16,
    17,
    18,
    19,
    20,
    21,
    22,
    23,
    24,
    25,
    26,
    27,
    28,
    29,
    30,
    31,
    32,
    33,
    34,
    35,
    36,
    37,
    38,
    39,
    40,
    41,
    42,
    43
  ],
  "times": [
    0.0,
    1.431039810180664,
    3.366624116897583,
    7.518541097640991,
    12.974441289901733,
    18.842578172683716,
    26.785544395446777,
    34.58258104324341,
    43.437222719192505,
    51.95027160644531,
    60.75481462478638,
    69.54293036460876,
    77.42234826087952,
    85.0494339466095,
    92.29472184181213,
    99.30001425743103,
    106.27681398391724,
    112.52375555038452,
    118.39310455322266,
    123.91155886650085,
    129.26527619361877,
    134.89863657951355,
    139.92490601539612,
    144.49934577941895,
    149.19761896133423,
    153.72166228294373,
    158.75062775611877,
    165.4480423927307,
    173.0158977508545,
    180.24377846717834,
    186.2971544265747,
    193.75289392471313,
    199.74224376678467,
    204.09640502929688,
    207.4165916442871,
    210.69910883903503,
    216.22619247436523,
    221.09180283546448,
    225.6016755104065,
    230.07013416290283,
    234.11689853668213,
    238.28527283668518,
    240.59970450401306,
    242.92690110206604
  ],
  "costs": [
    106880.72754799774,
    95694.1829350223,
    92532.67271376653,
    91865.43752042786,
    89758.97790171047,
    89758.97790171047,
    89758.97790171047,
    89392.17605876554,
    89392.17605876554,
    88810.98295649505,
    88617.6066761085,
    88425.50040337411,
    88279.80542182499,
    87899.96117103574,
    87855.8545658653,
    87804.1151004386,
    87555.28923947383,
    87555.28923947383,
    87555.28923947383,
    87555.28923947383,
    87420.25933978816,
    87128.23012592853,
    87128.23012592853,
    86988.84249408907,
    86988.84249408907,
    86988.84249408907,
    86988.84249408907,
    86988.84249408907,
    86988.84249408907,
    86988.84249408907,
    86988.84249408907,
    86988.84249408907,
    86988.84249408907,
    86988.84249408907,
    86988.84249408907,
    86988.84249408907,
    86988.84249408907,
    86988.84249408907,
    86988.84249408907,
    86988.84249408907,
    86988.84249408907,
    86988.84249408907,
    86988.84249408907,
    86988.84249408907
  ]
}