{
  "iters": [
    0,
    1,
    2,
    3,
    4,
    5,
    6,
    7,
    8,
    9,
    10,
    11,
    12,
    13,
    14,
    15,
    16,
    17,
    18,
    19,
    20,
    21,
    22,
    23,
    24,
    25,
    26,
    27,
    28,
    29,
    30,
    31,
    32,
    33,
    34,
    35,
    36,
    37,
    38,
    39,
    40,
    41,
    42,
    43,
    44,
    45,
    46,
    47
  ],
  "times": [
    0.0,
    1.9157133102416992,
    3.38175368309021,
    6.570593595504761,
    11.267230749130249,
    17.677928686141968,
    24.702357530593872,
    31.449968099594116,
    37.87134838104248,
    43.946513414382935,
    49.97757029533386,
    55.4465057849884,
    60.67177104949951,
    65.57855606079102,
    70.16215467453003,
    74.54571604728699,
    78.7967267036438,
    82.84644341468811,
    86.77831268310547,
    90.39558458328247,
    93.8216598033905,
    97.09142637252808,
    100.18580842018127,
    103.15810966491699,
    106.06225919723511,
    108.89921069145203,
    111.58216500282288,
    114.26791834831238,
    116.96634292602539,
    119.60880756378174,
    122.28331208229065,
    125.02685070037842,
    128.65430331230164,
    132.27237629890442,
    135.87439513206482,
    138.08719944953918,
    140.26130962371826,
    142.42687129974365,
    144.46333932876587,
    146.48734951019287,
    148.4757056236267,
    150.39466094970703,
    152.28462314605713,
    154.12639999389648,
    155.99298429489136,
    157.85015630722046,
    159.52186393737793,
    161.8113923072815
  ],
  "costs": [
    4223368.500446213,
    213517.83380404356,
    195026.99171235415,
    194116.90601601376,
    192525.96473077772,
    190814.02717007062,
    189674.072868782,
    189674.072868782,
    189674.072868782,
    189502.26287036092,
    189305.5736155768,
    188519.3749906294,
    188519.3749906294,
    188476.60864092334,
    188444.04165459517,
    188168.03496039822,
    187436.54161415002,
    187436.54161415002,
    187436.54161415002,
    187436.54161415002,
    187436.54161415002,
    187429.1190389047,
    187125.85467203794,
    187125.85467203794,
    187125.85467203794,
    186995.90879209666,
    186995.90879209666,
    186536.9963478639,
    186536.9963478639,
    186536.9963478639,
    186536.9963478639,
    186536.9963478639,
    186536.9963478639,
    186536.9963478639,
    186536.9963478639,
    186536.9963478639,
    186536.9963478639,
    186536.9963478639,
    186536.9963478639,
    186536.9963478639,
    186536.9963478639,
    186536.9963478639,
    186536.9963478639,
    186536.9963478639,
    186536.9963478639,
    186536.9963478639,
    186536.9963478639,
    186536.9963478639
  ]
}