{
  "iters": [
    0,
    1,
    2,
    3,
    4,
    5,
    6,
    7,
    8,
    9,
    10,
    11,
    12,
    13,
    14,
    15,
    16,
    17,
    18,
    19,
    20,
    21,
    22,
    23,
    24,
    25,
    26,
    27,
    28,
    29,
    30,
    31,
    32,
    33,
    34,
    35,
    36,
    37,
    38,
    39,
    40,
    41,
    42,
    43
  ],
  "times": [
    0.0,
    1.3240540027618408,
    3.302304983139038,
    7.777507543563843,
    14.120582818984985,
    20.806941032409668,
    27.789567470550537,
    34.410123348236084,
    40.64104509353638,
    46.56639075279236,
    52.87001347541809,
    62.305635929107666,
    67.47993493080139,
    72.30496668815613,
    76.73522305488586,
    81.21738862991333,
    85.68109583854675,
    89.66211462020874,
    93.4635157585144,
    97.09255385398865,
    100.35163235664368,
    103.87170481681824,
    106.88847351074219,
    109.77063131332397,
    112.65083765983582,
    115.35180044174194,
    118.27044320106506,
    120.83965182304382,
    123.2783510684967,
    125.6280198097229,
    127.77791428565979,
    130.20646214485168,
    132.17484879493713,
    134.14531540870667,
    136.08801126480103,
    137.92403984069824,
    139.920574426651,
    141.51352763175964,
    143.08499908447266,
    144.5848023891449,
    146.01439666748047,
    147.7007884979248,
    149.04350304603577,
    150.3393087387085
  ],
  "costs": [
    1783220.4893410145,
    347122.00966244,
    334087.16670806846,
    334076.69493952097,
    332450.0791417829,
    329233.26701044705,
    329233.26701044705,
    328814.2008698428,
    327061.1182604567,
    327061.1182604567,
    325900.1108914865,
    325900.1108914865,
    325900.1108914865,
    325900.1108914865,
    325900.1108914865,
    325900.1108914865,
    325900.1108914865,
    325900.1108914865,
    325654.61636317766,
    325523.45100409107,
    325523.45100409107,
    325159.1988091661,
    325159.1988091661,
    324529.3618048611,
    324529.3618048611,
    324529.3618048611,
    324529.3618048611,
    324529.3618048611,
    324529.3618048611,
    324529.3618048611,
    324529.3618048611,
    324529.3618048611,
    324529.3618048611,
    324529.3618048611,
    324529.3618048611,
    324529.3618048611,
    324529.3618048611,
    324529.3618048611,
    324529.3618048611,
    324529.3618048611,
    324529.3618048611,
    324529.3618048611,
    324529.3618048611,
    324529.3618048611
  ]
}