{
  "iters": [
    0,
    1,
    2,
    3,
    4,
    5,
    6,
    7,
    8,
    9,
    10,
    11,
    12,
    13,
    14,
    15,
    16,
    17,
    18,
    19,
    20,
    21,
    22,
    23,
    24,
    25,
    26,
    27,
    28,
    29,
    30,
    31,
    32,
    33,
    34,
    35,
    36,
    37,
    38,
    39,
    40,
    41,
    42,
    43,
    44,
    45,
    46
  ],
  "times": [
    0.0,
    2.1280717849731445,
    3.086958169937134,
    4.210360050201416,
    6.303097486495972,
    10.809195518493652,
    17.865331888198853,
    24.553547620773315,
    31.107742071151733,
    37.445740699768066,
    43.203303813934326,
    49.26725721359253,
    54.44314098358154,
    59.30947923660278,
    63.88437294960022,
    68.29113554954529,
    72.9355103969574,
    76.89396095275879,
    80.45145225524902,
    83.93041205406189,
    87.219247341156,
    90.77481460571289,
    93.90791893005371,
    97.00772047042847,
    100.05563306808472,
    103.01140117645264,
    106.11841559410095,
    108.77682566642761,
    111.40967607498169,
    114.04565072059631,
    116.47831058502197,
    118.94659733772278,
    121.20367646217346,
    123.31580376625061,
    125.39841318130493,
    127.34790325164795,
    129.71001505851746,
    131.6493525505066,
    133.57800149917603,
    135.37495255470276,
    137.13040900230408,
    139.19657015800476,
    140.94545078277588,
    142.7101273536682,
    144.32464504241943,
    145.99304938316345,
    147.77333402633667
  ],
  "costs": [
    7221350.487052444,
    2217530.163537358,
    1101132.2631804126,
    112796.6367698979,
    99911.62558742148,
    89963.06067378723,
    88400.3029180476,
    88400.3029180476,
    87230.14709840727,
    87230.14709840727,
    86590.58248888684,
    86590.58248888684,
    86590.58248888684,
    86590.58248888684,
    86590.58248888684,
    86561.67359362039,
    86561.67359362039,
    86561.67359362039,
    86561.67359362039,
    86561.67359362039,
    86561.67359362039,
    86561.67359362039,
    86561.67359362039,
    86561.67359362039,
    86561.67359362039,
    86561.67359362039,
    85857.6665167456,
    85857.6665167456,
    85857.6665167456,
    85857.6665167456,
    85857.6665167456,
    85857.6665167456,
    85857.6665167456,
    85857.6665167456,
    85857.6665167456,
    85857.6665167456,
    85857.6665167456,
    85857.6665167456,
    85857.6665167456,
    85857.6665167456,
    85857.6665167456,
    85857.6665167456,
    85857.6665167456,
    85857.6665167456,
    85857.6665167456,
    85857.6665167456,
    85857.6665167456
  ]
}