{
  "iters": [
    0,
    1,
    2,
    3,
    4,
    5,
    6,
    7,
    8,
    9,
    10,
    11,
    12,
    13,
    14,
    15,
    16,
    17,
    18,
    19,
    20,
    21,
    22,
    23,
    24,
    25,
    26,
    27,
    28,
    29,
    30,
    31,
    32,
    33,
    34,
    35,
    36,
    37,
    38,
    39,
    40,
    41,
    42,
    43,
    44,
    45,
    46,
    47,
    48,
    49,
    50,
    51,
    52,
    53,
    54,
    55,
    56,
    57,
    58,
    59,
    60,
    61,
    62,
    63,
    64,
    65,
    66,
    67,
    68,
    69
  ],
  "times": [
    0.0,
    47.92441248893738,
    60.996002197265625,
    73.75826811790466,
    85.64237356185913,
    96.87319946289062,
    108.50412154197693,
    118.43345665931702,
    129.76003551483154,
    141.1262526512146,
    159.48198080062866,
    194.0449206829071,
    232.5814757347107,
    268.6036548614502,
    327.7523183822632,
    422.05662202835083,
    500.4109311103821,
    560.0113236904144,
    665.8148872852325,
    768.40536236763,
    859.1192395687103,
    950.4980571269989,
    1034.253157377243,
    1136.4708125591278,
    1241.1515295505524,
    1316.1038360595703,
    1377.6738464832306,
    1434.5107476711273,
    1490.3746576309204,
    1551.3984217643738,
    1613.2674446105957,
    1667.0235314369202,
    1720.7181487083435,
    1773.443037033081,
    1820.6160809993744,
    1865.8790035247803,
    1908.3182446956635,
    1948.485012769699,
    1995.9415011405945,
    2061.9110009670258,
    2119.6875524520874,
    2155.1633772850037,
    2186.078665494919,
    2218.0206961631775,
    2248.034159183502,
    2274.890235900879,
    2301.792286634445,
    2326.3219623565674,
    2349.0489246845245,
    2371.1149418354034,
    2392.4981367588043,
    2413.527343273163,
    2433.230145215988,
    2451.694367170334,
    2469.5691006183624,
    2492.5850212574005,
    2510.7583816051483,
    2526.5777826309204,
    2542.3632118701935,
    2558.312462091446,
    2573.1233129501343,
    2590.5438673496246,
    2604.6088733673096,
    2621.2678937911987,
    2634.3181858062744,
    2648.1051063537598,
    2670.9339876174927,
    2692.056637763977,
    2711.600821018219,
    2730.9238793849945
  ],
  "costs": [
    23416866.127541527,
    12503469.842884507,
    11079691.533381116,
    9527506.2032206,
    8107049.308746671,
    6768542.612300754,
    5589236.485279902,
    4378545.7223224575,
    3386752.020034601,
    2319112.79112562,
    2016377.120628574,
    1969395.687531888,
    1900384.3347977123,
    1865274.1125658718,
    1842048.4690037472,
    1816311.9410974863,
    1800244.2705412381,
    1800244.2705412381,
    1800244.2705412381,
    1800244.2705412381,
    1800244.2705412381,
    1800244.2705412381,
    1796566.1960532707,
    1795797.4941541383,
    1791510.406616959,
    1790664.3265667246,
    1790664.3265667246,
    1788084.1300853768,
    1784201.2122036738,
    1784201.2122036738,
    1779009.4644825116,
    1774981.6297553484,
    1774668.564706837,
    1774668.564706837,
    1774668.564706837,
    1772692.0562556311,
    1770670.7110834662,
    1770670.7110834662,
    1763609.1665772353,
    1763609.1665772353,
    1763609.1665772353,
    1763609.1665772353,
    1757806.5798910398,
    1757806.5798910398,
    1757806.5798910398,
    1757806.5798910398,
    1757806.5798910398,
    1757806.5798910398,
    1757806.5798910398,
    1750727.5499869105,
    1750727.5499869105,
    1750727.5499869105,
    1750727.5499869105,
    1750727.5499869105,
    1750727.5499869105,
    1750727.5499869105,
    1750727.5499869105,
    1750727.5499869105,
    1750727.5499869105,
    1750727.5499869105,
    1750727.5499869105,
    1750727.5499869105,
    1750727.5499869105,
    1750727.5499869105,
    1750727.5499869105,
    1750727.5499869105,
    1750727.5499869105,
    1750727.5499869105,
    1750727.5499869105,
    1750727.5499869105
  ]
}