{
  "iters": [
    0,
    1,
    2,
    3,
    4,
    5,
    6,
    7,
    8,
    9,
    10,
    11,
    12,
    13,
    14,
    15,
    16,
    17,
    18,
    19,
    20,
    21,
    22,
    23,
    24,
    25,
    26,
    27,
    28,
    29,
    30
  ],
  "times": [
    0.0,
    1.4184367656707764,
    3.1863768100738525,
    5.6099817752838135,
    8.421735048294067,
    12.124229907989502,
    16.963155031204224,
    22.08217167854309,
    26.72927713394165,
    31.778186321258545,
    37.5721161365509,
    46.82762575149536,
    55.2730872631073,
    63.46286988258362,
    71.20923447608948,
    77.81697082519531,
    82.53392720222473,
    86.9488217830658,
    90.92996001243591,
    94.77042603492737,
    98.41036176681519,
    102.00643754005432,
    105.17124438285828,
    108.3587155342102,
    111.56080532073975,
    114.36337757110596,
    117.45046663284302,
    120.1057505607605,
    122.65713548660278,
    125.05372953414917,
    127.5929582118988
  ],
  "costs": [
    106029.67169890531,
    94549.48064163448,
    93983.3648654444,
    93517.93131064725,
    92778.80693401929,
    92559.50159810914,
    92467.61031673937,
    92256.89846081051,
    92256.89846081051,
    91740.05135313865,
    90884.11030238232,
    90884.11030238232,
    90884.11030238232,
    90884.11030238232,
    90884.11030238232,
    90884.11030238232,
    90884.11030238232,
    90884.11030238232,
    90884.11030238232,
    90884.11030238232,
    90884.11030238232,
    90884.11030238232,
    90884.11030238232,
    90884.11030238232,
    90884.11030238232,
    90884.11030238232,
    90884.11030238232,
    90884.11030238232,
    90884.11030238232,
    90884.11030238232,
    90884.11030238232
  ]
}