{
  "iters": [
    0,
    1,
    2,
    3,
    4,
    5,
    6,
    7,
    8,
    9,
    10,
    11,
    12,
    13,
    14,
    15,
    16,
    17,
    18,
    19,
    20,
    21,
    22,
    23,
    24,
    25,
    26,
    27,
    28,
    29,
    30,
    31,
    32,
    33,
    34,
    35,
    36,
    37,
    38,
    39,
    40,
    41,
    42,
    43,
    44,
    45
  ],
  "times": [
    0.0,
    3.934631586074829,
    10.948856830596924,
    21.05994987487793,
    31.596304893493652,
    42.45039367675781,
    52.87446069717407,
    62.66683006286621,
    72.32515144348145,
    81.56291818618774,
    90.45159220695496,
    98.3929591178894,
    106.26155805587769,
    113.65483045578003,
    120.55571603775024,
    127.05678296089172,
    133.2359733581543,
    139.04983139038086,
    144.6816132068634,
    149.99040746688843,
    154.94188976287842,
    159.66700983047485,
    164.2726764678955,
    169.67504167556763,
    176.62219285964966,
    183.01075768470764,
    189.22095489501953,
    196.31056714057922,
    202.43440198898315,
    208.59638047218323,
    213.99004554748535,
    219.9019854068756,
    225.50603532791138,
    229.55983448028564,
    232.74071145057678,
    235.63720178604126,
    239.6199791431427,
    244.19167065620422,
    248.50065779685974,
    252.40240621566772,
    256.6407079696655,
    260.4987998008728,
    264.4847323894501,
    267.8776755332947,
    271.7532331943512,
    275.40680480003357
  ],
  "costs": [
    309749.95389192895,
    95052.22293615849,
    95052.22293615849,
    94821.92980767098,
    94821.92980767098,
    94422.81654878943,
    94214.90091831284,
    93538.25273026439,
    93266.88751213303,
    93022.37629010757,
    92998.96367064107,
    92580.88863970828,
    92555.54592355846,
    92403.46743566706,
    92344.00658923184,
    92305.4314544287,
    91920.8290145242,
    91710.33858442503,
    91710.33858442503,
    91710.33858442503,
    91710.33858442503,
    91710.33858442503,
    91476.88036261278,
    91258.46581975711,
    91258.46581975711,
    90845.80844628991,
    90845.80844628991,
    90845.80844628991,
    90845.80844628991,
    90845.80844628991,
    90845.80844628991,
    90845.80844628991,
    90845.80844628991,
    90845.80844628991,
    90845.80844628991,
    90845.80844628991,
    90845.80844628991,
    90845.80844628991,
    90845.80844628991,
    90845.80844628991,
    90845.80844628991,
    90845.80844628991,
    90845.80844628991,
    90845.80844628991,
    90845.80844628991,
    90845.80844628991
  ]
}